INSERT INTO "public".affiliation( id, nom ) VALUES ( 1, 'Cnaps');
INSERT INTO "public".affiliation( id, nom ) VALUES ( 2, 'Ostie');
INSERT INTO "public".affiliation( id, nom ) VALUES ( 3, 'Cnaps');
INSERT INTO "public".affiliation( id, nom ) VALUES ( 4, 'Ostie');
INSERT INTO "public".annonce( id, idbesoinservice ) VALUES ( 1, 1);
INSERT INTO "public".annonce( id, idbesoinservice ) VALUES ( 2, 2);
INSERT INTO "public".annonce( id, idbesoinservice ) VALUES ( 3, 3);
INSERT INTO "public".annonce( id, idbesoinservice ) VALUES ( 4, 4);
INSERT INTO "public".annonce( id, idbesoinservice ) VALUES ( 5, 5);
INSERT INTO "public".cv( id, adresse, cin, email, nom, prenom, sexe, sm, tel ) VALUES ( 1, 'A1', 'C1', 'A1@mail.com', 'CVN1', 'CVP1', 'Homme', 'Marie', 'T1');
INSERT INTO "public".cv( id, adresse, cin, email, nom, prenom, sexe, sm, tel ) VALUES ( 2, 'A2', 'C2', 'A2@mail.com', 'CVN2', 'CVP2', 'Homme', 'Marie', 'T2');
INSERT INTO "public".filiere( id, nom ) VALUES ( 1, 'Design');
INSERT INTO "public".filiere( id, nom ) VALUES ( 2, 'Info');
INSERT INTO "public".filiere( id, nom ) VALUES ( 3, 'Compta');
INSERT INTO "public".filiere( id, nom ) VALUES ( 4, 'Managment');
INSERT INTO "public".fonction( id, nom ) VALUES ( 1, 'F1');
INSERT INTO "public".fonction( id, nom ) VALUES ( 2, 'HC');
INSERT INTO "public".fonction( id, nom ) VALUES ( 3, 'F1');
INSERT INTO "public".fonction( id, nom ) VALUES ( 4, 'HC');
INSERT INTO "public".grade( id, nom ) VALUES ( 1, 'BACC');
INSERT INTO "public".grade( id, nom ) VALUES ( 2, 'DTS');
INSERT INTO "public".grade( id, nom ) VALUES ( 3, 'LICENSE');
INSERT INTO "public".grade( id, nom ) VALUES ( 4, 'MASTER');
INSERT INTO "public".grade( id, nom ) VALUES ( 5, 'DOCTORAT');
INSERT INTO "public".poste( id, nom, starting_salary ) VALUES ( 3, 'P1', 20000.0);
INSERT INTO "public".poste( id, nom, starting_salary ) VALUES ( 4, 'P2', 20000.0);
INSERT INTO "public".poste( id, nom, starting_salary ) VALUES ( 5, 'P3', 20000.0);
INSERT INTO "public".question( id, question ) VALUES ( 1, 'Quelles sont vos compétences en développement logiciel ?');
INSERT INTO "public".question( id, question ) VALUES ( 2, 'Avez-vous de l''expérience dans le développement Full Stack ?');
INSERT INTO "public".question( id, question ) VALUES ( 3, 'Comment gérez-vous les projets techniques ?');
INSERT INTO "public".question( id, question ) VALUES ( 4, 'Quelle est votre expérience en tant qu''ingénieur logiciel ?');
INSERT INTO "public".question( id, question ) VALUES ( 5, 'Comment gérez-vous le travail à temps plein ?');
INSERT INTO "public".question( id, question ) VALUES ( 6, 'Quelles sont vos compétences en développement Front-end ?');
INSERT INTO "public".question( id, question ) VALUES ( 7, 'Avez-vous de l''expérience en gestion de projet technique ?');
INSERT INTO "public".question( id, question ) VALUES ( 8, 'Décrivez votre expérience en tant que développeur Full Stack.');
INSERT INTO "public".question( id, question ) VALUES ( 9, 'Comment gérez-vous le travail à temps partiel ?');
INSERT INTO "public".question( id, question ) VALUES ( 10, 'Quelles sont vos compétences en gestion de projet IT ?');
INSERT INTO "public".question( id, question ) VALUES ( 11, 'Quelle est votre expérience en tant que chef de projet IT ?');
INSERT INTO "public".question( id, question ) VALUES ( 12, 'Comment gérez-vous les contrats en tant que contractor ?');
INSERT INTO "public".question( id, question ) VALUES ( 13, 'Quelles sont vos compétences en tant que chef de projet IT ?');
INSERT INTO "public".question( id, question ) VALUES ( 14, 'Quelle est votre expérience en tant que chef de projet IT ?');
INSERT INTO "public".question( id, question ) VALUES ( 15, 'Comment gérez-vous les contrats en tant que contractor ?');
INSERT INTO "public".question( id, question ) VALUES ( 16, 'Quelles sont vos compétences en développement logiciel ?');
INSERT INTO "public".question( id, question ) VALUES ( 17, 'Avez-vous de l''expérience dans le développement Full Stack ?');
INSERT INTO "public".question( id, question ) VALUES ( 18, 'Comment gérez-vous les projets techniques ?');
INSERT INTO "public".question( id, question ) VALUES ( 19, 'Quelle est votre expérience en tant qu''ingénieur logiciel ?');
INSERT INTO "public".question( id, question ) VALUES ( 20, 'Comment gérez-vous le travail à temps plein ?');
INSERT INTO "public".question( id, question ) VALUES ( 21, 'Quelles sont vos compétences en développement Front-end ?');
INSERT INTO "public".question( id, question ) VALUES ( 22, 'Avez-vous de l''expérience en gestion de projet technique ?');
INSERT INTO "public".question( id, question ) VALUES ( 23, 'Décrivez votre expérience en tant que développeur Full Stack.');
INSERT INTO "public".question( id, question ) VALUES ( 24, 'Comment gérez-vous le travail à temps partiel ?');
INSERT INTO "public".question( id, question ) VALUES ( 25, 'Quelles sont vos compétences en gestion de projet IT ?');
INSERT INTO "public".questionannonce( date_question_annonce, id, idannonce, idquestion ) VALUES ( '2023-10-05', 1, 1, 1);
INSERT INTO "public".questionannonce( date_question_annonce, id, idannonce, idquestion ) VALUES ( '2023-10-05', 2, 1, 2);
INSERT INTO "public".questionannonce( date_question_annonce, id, idannonce, idquestion ) VALUES ( '2023-10-05', 3, 1, 3);
INSERT INTO "public".questionannonce( date_question_annonce, id, idannonce, idquestion ) VALUES ( '2023-10-05', 4, 1, 4);
INSERT INTO "public".questionannonce( date_question_annonce, id, idannonce, idquestion ) VALUES ( '2023-10-05', 5, 1, 5);
INSERT INTO "public".questionannonce( date_question_annonce, id, idannonce, idquestion ) VALUES ( '2023-10-05', 6, 2, 6);
INSERT INTO "public".questionannonce( date_question_annonce, id, idannonce, idquestion ) VALUES ( '2023-10-05', 7, 2, 7);
INSERT INTO "public".questionannonce( date_question_annonce, id, idannonce, idquestion ) VALUES ( '2023-10-05', 8, 2, 8);
INSERT INTO "public".questionannonce( date_question_annonce, id, idannonce, idquestion ) VALUES ( '2023-10-05', 9, 2, 9);
INSERT INTO "public".questionannonce( date_question_annonce, id, idannonce, idquestion ) VALUES ( '2023-10-05', 10, 2, 10);
INSERT INTO "public".questionannonce( date_question_annonce, id, idannonce, idquestion ) VALUES ( '2023-10-05', 11, 3, 11);
INSERT INTO "public".questionannonce( date_question_annonce, id, idannonce, idquestion ) VALUES ( '2023-10-05', 12, 3, 12);
INSERT INTO "public".questionannonce( date_question_annonce, id, idannonce, idquestion ) VALUES ( '2023-10-05', 13, 3, 13);
INSERT INTO "public".questionannonce( date_question_annonce, id, idannonce, idquestion ) VALUES ( '2023-10-05', 14, 3, 14);
INSERT INTO "public".questionannonce( date_question_annonce, id, idannonce, idquestion ) VALUES ( '2023-10-05', 15, 3, 15);
INSERT INTO "public".questionannonce( date_question_annonce, id, idannonce, idquestion ) VALUES ( '2023-10-05', 16, 4, 16);
INSERT INTO "public".questionannonce( date_question_annonce, id, idannonce, idquestion ) VALUES ( '2023-10-05', 17, 4, 17);
INSERT INTO "public".questionannonce( date_question_annonce, id, idannonce, idquestion ) VALUES ( '2023-10-05', 18, 4, 18);
INSERT INTO "public".questionannonce( date_question_annonce, id, idannonce, idquestion ) VALUES ( '2023-10-05', 19, 4, 19);
INSERT INTO "public".questionannonce( date_question_annonce, id, idannonce, idquestion ) VALUES ( '2023-10-05', 20, 4, 20);
INSERT INTO "public".questionannonce( date_question_annonce, id, idannonce, idquestion ) VALUES ( '2023-10-05', 21, 5, 21);
INSERT INTO "public".questionannonce( date_question_annonce, id, idannonce, idquestion ) VALUES ( '2023-10-05', 22, 5, 22);
INSERT INTO "public".questionannonce( date_question_annonce, id, idannonce, idquestion ) VALUES ( '2023-10-05', 23, 5, 23);
INSERT INTO "public".questionannonce( date_question_annonce, id, idannonce, idquestion ) VALUES ( '2023-10-05', 24, 5, 24);
INSERT INTO "public".questionannonce( date_question_annonce, id, idannonce, idquestion ) VALUES ( '2023-10-05', 25, 5, 25);
INSERT INTO "public".region( id, nom ) VALUES ( 1, 'Diana');
INSERT INTO "public".region( id, nom ) VALUES ( 2, 'Sava');
INSERT INTO "public".region( id, nom ) VALUES ( 3, 'Itasy');
INSERT INTO "public".region( id, nom ) VALUES ( 4, 'Analamanga');
INSERT INTO "public".region( id, nom ) VALUES ( 5, 'Vakinankaratra');
INSERT INTO "public".region( id, nom ) VALUES ( 6, 'Bongolava');
INSERT INTO "public".region( id, nom ) VALUES ( 7, 'Sofia');
INSERT INTO "public".region( id, nom ) VALUES ( 8, 'Boeny');
INSERT INTO "public".region( id, nom ) VALUES ( 9, 'Betsiboka');
INSERT INTO "public".region( id, nom ) VALUES ( 10, 'Melaky');
INSERT INTO "public".region( id, nom ) VALUES ( 11, 'Alaotra-Mangoro');
INSERT INTO "public".region( id, nom ) VALUES ( 12, 'Atsinanana');
INSERT INTO "public".region( id, nom ) VALUES ( 13, 'Analanjirofo');
INSERT INTO "public".region( id, nom ) VALUES ( 14, 'Ambatosoa');
INSERT INTO "public".region( id, nom ) VALUES ( 15, 'Amoron i Mania');
INSERT INTO "public".region( id, nom ) VALUES ( 16, 'Vatovavy');
INSERT INTO "public".region( id, nom ) VALUES ( 17, 'Fitovinany');
INSERT INTO "public".region( id, nom ) VALUES ( 18, 'Haute Matsiatra');
INSERT INTO "public".region( id, nom ) VALUES ( 19, 'Atsimo-Atsinanana');
INSERT INTO "public".region( id, nom ) VALUES ( 20, 'Ihorombe');
INSERT INTO "public".region( id, nom ) VALUES ( 21, 'Menabe');
INSERT INTO "public".region( id, nom ) VALUES ( 22, 'Atsimo-Andrefana');
INSERT INTO "public".service( id, nom ) VALUES ( 1, 'security');
INSERT INTO "public".service( id, nom ) VALUES ( 2, 'finance');
INSERT INTO "public".service( id, nom ) VALUES ( 3, 'information system');
INSERT INTO "public".service( id, nom ) VALUES ( 4, 'marketing');
INSERT INTO "public".service( id, nom ) VALUES ( 5, 'production');
INSERT INTO "public".service( id, nom ) VALUES ( 6, 'sales');
INSERT INTO "public".service( id, nom ) VALUES ( 7, 'customer service');
INSERT INTO "public".service( id, nom ) VALUES ( 8, 'administration');
INSERT INTO "public".service( id, nom ) VALUES ( 9, 'maintenance');
INSERT INTO "public".service( id, nom ) VALUES ( 10, 'research');
INSERT INTO "public".service( id, nom ) VALUES ( 11, 'planning');
INSERT INTO "public".service( id, nom ) VALUES ( 12, 'quality assurance');
INSERT INTO "public".service( id, nom ) VALUES ( 13, 'driving');
INSERT INTO "public".personnel( id, idposte, idservice, nom, prenom, dtn, dtembauche, idfonction ) VALUES ( 7, 3, 1, 'PN1', 'PN1', '1990-01-01', '2020-01-01', 1);
INSERT INTO "public".personnel( id, idposte, idservice, nom, prenom, dtn, dtembauche, idfonction ) VALUES ( 8, 4, 2, 'PN2', 'PN2', '1998-08-08', '2022-02-02', 2);
